{"cameraMode":{"drawMode":0,"name":"Shaded","section":"Shading Mode"},"sceneLighting":true,"audioPlay":false,"sceneViewState":{"showFog":true,"showMaterialUpdate":false,"showSkybox":true,"showFlares":true,"showImageEffects":true,"showParticleSystems":true},"in2DMode":false,"pivot":{"x":-7.872503280639648,"y":-2.11299991607666,"z":-3.5635695457458498},"rotation":{"x":-0.010415636003017426,"y":-0.8500882983207703,"z":0.01685023121535778,"w":-0.5263447761535645},"size":3.859807252883911,"orthographic":false}