{"cameraMode":{"drawMode":0,"name":"Shaded","section":"Shading Mode"},"sceneLighting":true,"audioPlay":false,"sceneViewState":{"showFog":true,"showMaterialUpdate":false,"showSkybox":true,"showFlares":true,"showImageEffects":true,"showParticleSystems":true},"in2DMode":false,"pivot":{"x":-1.9436216354370118,"y":-3.225442409515381,"z":-14.135709762573243},"rotation":{"x":0.12089156359434128,"y":0.8764710426330566,"z":-0.2902429699897766,"w":0.36484915018081667},"size":5.511171817779541,"orthographic":false}