{"cameraMode":{"drawMode":0,"name":"Shaded","section":"Shading Mode"},"sceneLighting":true,"audioPlay":false,"sceneViewState":{"showFog":true,"showMaterialUpdate":false,"showSkybox":true,"showFlares":true,"showImageEffects":true,"showParticleSystems":true},"in2DMode":false,"pivot":{"x":-3.5267462730407717,"y":-4.604768753051758,"z":-2.26167631149292},"rotation":{"x":-0.17655086517333985,"y":-0.676986575126648,"z":0.1723637580871582,"w":-0.6934223175048828},"size":3.6937294006347658,"orthographic":false}