{"cameraMode":{"drawMode":0,"name":"Shaded","section":"Shading Mode"},"sceneLighting":true,"audioPlay":false,"sceneViewState":{"showFog":true,"showMaterialUpdate":false,"showSkybox":true,"showFlares":true,"showImageEffects":true,"showParticleSystems":true},"in2DMode":false,"pivot":{"x":-18.70281982421875,"y":-5.072795867919922,"z":-18.044265747070314},"rotation":{"x":-0.063328318297863,"y":0.8393357992172241,"z":-0.10019562393426895,"w":-0.5305575132369995},"size":11.686797142028809,"orthographic":false}