{"cameraMode":{"drawMode":0,"name":"Shaded","section":"Shading Mode"},"sceneLighting":true,"audioPlay":false,"sceneViewState":{"showFog":true,"showMaterialUpdate":false,"showSkybox":true,"showFlares":true,"showImageEffects":true,"showParticleSystems":true},"in2DMode":false,"pivot":{"x":-13.56777286529541,"y":-2.089350700378418,"z":3.9990508556365969},"rotation":{"x":0.0035919714719057085,"y":0.7079619765281677,"z":0.003607274265959859,"w":-0.706267774105072},"size":1.041377305984497,"orthographic":false}