{"cameraMode":{"drawMode":0,"name":"Shaded","section":"Shading Mode"},"sceneLighting":true,"audioPlay":false,"sceneViewState":{"showFog":true,"showMaterialUpdate":false,"showSkybox":true,"showFlares":true,"showImageEffects":true,"showParticleSystems":true},"in2DMode":false,"pivot":{"x":-1.6385746002197266,"y":-7.797881603240967,"z":-1.8031365871429444},"rotation":{"x":0.22595235705375672,"y":0.6506155729293823,"z":-0.21162955462932588,"w":0.6936734318733215},"size":4.861623287200928,"orthographic":false}