{"cameraMode":{"drawMode":0,"name":"Shaded","section":"Shading Mode"},"sceneLighting":false,"audioPlay":false,"sceneViewState":{"showFog":true,"showMaterialUpdate":false,"showSkybox":false,"showFlares":true,"showImageEffects":true,"showParticleSystems":true},"in2DMode":false,"pivot":{"x":-6.708000183105469,"y":-2.0269999504089357,"z":-2.3529999256134035},"rotation":{"x":0.22595235705375672,"y":0.6506155729293823,"z":-0.21162955462932588,"w":0.6936734318733215},"size":1.7320506572723389,"orthographic":false}