{"cameraMode":{"drawMode":0,"name":"Shaded","section":"Shading Mode"},"sceneLighting":false,"audioPlay":false,"sceneViewState":{"showFog":true,"showMaterialUpdate":false,"showSkybox":false,"showFlares":true,"showImageEffects":true,"showParticleSystems":true},"in2DMode":false,"pivot":{"x":10.902321815490723,"y":-11.782163619995118,"z":14.977791786193848},"rotation":{"x":-0.39252257347106936,"y":-0.3655228614807129,"z":0.17392611503601075,"w":-0.8259785771369934},"size":13.248106956481934,"orthographic":false}