{"cameraMode":{"drawMode":0,"name":"Shaded","section":"Shading Mode"},"sceneLighting":true,"audioPlay":false,"sceneViewState":{"showFog":true,"showMaterialUpdate":false,"showSkybox":true,"showFlares":true,"showImageEffects":true,"showParticleSystems":true},"in2DMode":false,"pivot":{"x":-11.31162166595459,"y":-2.078423023223877,"z":-2.5220413208007814},"rotation":{"x":-0.2777400314807892,"y":0.719754695892334,"z":-0.41290202736854555,"w":-0.4842347800731659},"size":0.5524290204048157,"orthographic":false}