{"cameraMode":{"drawMode":0,"name":"Shaded","section":"Shading Mode"},"sceneLighting":false,"audioPlay":false,"sceneViewState":{"showFog":true,"showMaterialUpdate":false,"showSkybox":false,"showFlares":true,"showImageEffects":true,"showParticleSystems":true},"in2DMode":false,"pivot":{"x":-5.793075084686279,"y":-17.379470825195314,"z":-0.10626506805419922},"rotation":{"x":-0.14802244305610658,"y":0.7952286601066589,"z":-0.5472447276115418,"w":-0.21527734398841859},"size":14.436683654785157,"orthographic":false}