{"cameraMode":{"drawMode":0,"name":"Shaded","section":"Shading Mode"},"sceneLighting":true,"audioPlay":false,"sceneViewState":{"showFog":true,"showMaterialUpdate":false,"showSkybox":true,"showFlares":true,"showImageEffects":true,"showParticleSystems":true},"in2DMode":false,"pivot":{"x":-9.07558822631836,"y":-2.7650389671325685,"z":7.687355041503906},"rotation":{"x":0.06312114000320435,"y":0.8320708274841309,"z":-0.09679039567708969,"w":0.5425363183021545},"size":0.9376878142356873,"orthographic":false}