{"cameraMode":{"drawMode":0,"name":"Shaded","section":"Shading Mode"},"sceneLighting":true,"audioPlay":false,"sceneViewState":{"showFog":true,"showMaterialUpdate":false,"showSkybox":true,"showFlares":true,"showImageEffects":true,"showParticleSystems":true},"in2DMode":false,"pivot":{"x":-5.336634635925293,"y":-0.5458225607872009,"z":-8.706903457641602},"rotation":{"x":-0.01990261673927307,"y":0.9259433150291443,"z":0.049196332693099979,"w":0.3741188049316406},"size":7.894866943359375,"orthographic":false}