{"cameraMode":{"drawMode":0,"name":"Shaded","section":"Shading Mode"},"sceneLighting":false,"audioPlay":false,"sceneViewState":{"showFog":true,"showMaterialUpdate":false,"showSkybox":false,"showFlares":true,"showImageEffects":true,"showParticleSystems":true},"in2DMode":false,"pivot":{"x":-0.6475929021835327,"y":-20.271333694458009,"z":11.323188781738282},"rotation":{"x":0.6553808450698853,"y":-0.038685448467731479,"z":0.03366117551922798,"w":0.7535895705223084},"size":15.765219688415528,"orthographic":false}