{"cameraMode":{"drawMode":0,"name":"Shaded","section":"Shading Mode"},"sceneLighting":true,"audioPlay":false,"sceneViewState":{"showFog":true,"showMaterialUpdate":false,"showSkybox":true,"showFlares":true,"showImageEffects":true,"showParticleSystems":true},"in2DMode":false,"pivot":{"x":-12.8080415725708,"y":-8.195364952087403,"z":-1.3243024349212647},"rotation":{"x":0.09490983933210373,"y":-0.905055582523346,"z":0.28891679644584658,"w":0.29731446504592898},"size":3.2035183906555177,"orthographic":true}