{"cameraMode":{"drawMode":0,"name":"Shaded","section":"Shading Mode"},"sceneLighting":false,"audioPlay":false,"sceneViewState":{"showFog":true,"showMaterialUpdate":false,"showSkybox":false,"showFlares":true,"showImageEffects":true,"showParticleSystems":true},"in2DMode":false,"pivot":{"x":-8.354999542236329,"y":-2.1394999027252199,"z":8.164999961853028},"rotation":{"x":0.11480938643217087,"y":-0.6435421705245972,"z":0.09845168143510819,"w":0.7504247426986694},"size":0.13382038474082948,"orthographic":false}