{"cameraMode":{"drawMode":0,"name":"Shaded","section":"Shading Mode"},"sceneLighting":true,"audioPlay":false,"sceneViewState":{"showFog":true,"showMaterialUpdate":false,"showSkybox":true,"showFlares":true,"showImageEffects":true,"showParticleSystems":true},"in2DMode":false,"pivot":{"x":-9.493932723999024,"y":-3.2448463439941408,"z":-10.110817909240723},"rotation":{"x":0.005074203945696354,"y":0.9937182068824768,"z":-0.09991518408060074,"w":0.05042485520243645},"size":4.85943603515625,"orthographic":false}